{
    "현재_환율": 1020.2000122070312,
    "한달후_예측_환율": 1019.2640527701644,
    "변화량": -0.935959436866824,
    "변화율": -0.0917427392342442,
    "추세_방향": "상승",
    "기술적_지표": "상승세",
    "이동평균선_교차": "없음",
    "경제_지표_차이": {
        "GDP_성장률_차이": 2.3,
        "물가상승률_차이": 2.3000000000000003
    },
    "시나리오": {
        "낙관적": 1029.8296832629783,
        "기본": 1019.2640527701644,
        "비관적": 1008.6984222773505
    },
    "매수_매도_신호": "매도"
}